<hibernate-configuration>
    <session-factory>
        <property name="hibernate.connection.driver_class">com.mysql.cj.jdbc.Driver</property>
        <property name="hibernate.connection.url">jdbc:mysql://localhost:3306/poe</property>
        <property name="hibernate.connection.username">root</property>
        <property name="hibernate.connection.password">1008</property>
        
        <property name="hibernate.connection.pool_size">20</property>
        <property name="hibernate.show_sql">true</property>
        <property name="hibernate.format_sql">true</property>
        <property name="hibernate.dialect">org.hibernate.dialect.MySQLDialect</property>
        <property name="hibernate.hbm2ddl.auto">update</property>
    </session-factory>
</hibernate-configuration>